INSERT INTO `edugo`.`accounts` (`account_id`, `username`, `password`, `email`, `first_name`, `last_name`, `status`, `create_on`, `last_login`, `update_on`, `role`) 
VALUES 
(1, 'superadmin', '$2y$10$It3oQ2h6OlMyhYaqEXzJquHIz05VM5r69woED27PmqUHBCWyOyhTq', 'superadmin@example.com', 'Ethan', 'Carter', 'Active', NOW(), NOW(), NOW(), 'superadmin'),
(2, 'admin_user', '$2y$10$It3oQ2h6OlMyhYaqEXzJquHIz05VM5r69woED27PmqUHBCWyOyhTq', 'admin@example.com', 'Olivia', 'Reed', 'Active', NOW(), NOW(), NOW(), 'admin'),
(3, 'provider_user', '$2y$10$It3oQ2h6OlMyhYaqEXzJquHIz05VM5r69woED27PmqUHBCWyOyhTq', 'provider@example.com', 'Mason', 'Blake', 'Active', NOW(), NOW(), NOW(), 'provider'),
(4, 'provider_user2', '$2y$10$It3oQ2h6OlMyhYaqEXzJquHIz05VM5r69woED27PmqUHBCWyOyhTq', 'provider2@example.com', 'Harper', 'Quinn', 'Active', NOW(), NOW(), NOW(), 'provider'),
(5, 'provider_user3', '$2y$10$It3oQ2h6OlMyhYaqEXzJquHIz05VM5r69woED27PmqUHBCWyOyhTq', 'provider3@example.com', 'Logan', 'Brooks', 'Active', NOW(), NOW(), NOW(), 'provider'),
(6, 'provider_user4', '$2y$10$It3oQ2h6OlMyhYaqEXzJquHIz05VM5r69woED27PmqUHBCWyOyhTq', 'provider4@example.com', 'Noah', 'Sullivan', 'Active', NOW(), NOW(), NOW(), 'provider'),
(7, 'normal_user', '$2y$10$It3oQ2h6OlMyhYaqEXzJquHIz05VM5r69woED27PmqUHBCWyOyhTq', 'user@example.com', 'Ava', 'Morgan', 'Active', NOW(), NOW(), NOW(), 'user'),
(8, 'normal_user2', '$2y$10$It3oQ2h6OlMyhYaqEXzJquHIz05VM5r69woED27PmqUHBCWyOyhTq', 'user2@example.com', 'Liam', 'Parker', 'Active', NOW(), NOW(), NOW(), 'user');
-- Insert into admins
INSERT INTO `edugo`.`admins` (`admin_id`, `phone`, `account_id`) 
VALUES 
(1, '0987654678', 1),
(2, '9876567897', 2);

-- Insert into providers
INSERT INTO `edugo`.`providers` (`provider_id`, `company_name`, `url`, `address`, `city`, `country`, `postal_code`, `phone`, `verify`, `account_id`) 
VALUES 
(1, 'GO ABROAD', 'https://seniorproject.sit.kmutt.ac.th/showproject/IT64-BU24', '111 Main St', 'Bangkok', 'Thailand', '10160', '0123456789', 'Yes', 3),
(2, 'Book Lamp', 'https://seniorproject.sit.kmutt.ac.th/showproject/IT64-BU24', '222 Main St', 'Bangkok', 'Thailand', '10160', '0123456789', 'Yes', 4),
(3, 'Bright Rain', 'https://seniorproject.sit.kmutt.ac.th/showproject/IT64-BU24', '333 Main St', 'Bangkok', 'Thailand', '10160', '0123456789', 'No', 5),
(4, 'Great North', 'https://seniorproject.sit.kmutt.ac.th/showproject/IT64-BU24', '444 Main St', 'Bangkok', 'Thailand', '10160', '0123456789', 'No', 6);

-- Insert into posts
INSERT INTO `edugo`.`posts` (`posts_id`, `description`, `image`, `publish_date`, `account_id`) 
VALUES 
(1, 'Welcome to our new platform!', NULL, NOW(), 3),
(2, 'New subject added to the curriculum.', NULL, NOW(), 3),
(3, 'New feature added to the platform.', NULL, NOW(), 4),
(4, 'Join our upcoming webinar on study tips.', NULL, NOW(), 5),
(5, 'Maintenance scheduled for this weekend.', NULL, NOW(), 3),
(6, 'Top 10 study abroad destinations in 2025.', NULL, NOW(), 7),
(7, 'Meet our new academic advisor team!', NULL, NOW(), 6),
(8, 'Mobile app update now available.', NULL, NOW(), 5),
(9, 'Check out student success stories.', NULL, NOW(), 4),
(10, 'Survey: Help us improve your experience.', NULL, NOW(), 7),
(11, 'Tips for effective time management.', NULL, NOW(), 5),
(12, 'Explore our new scholarship programs.', NULL, NOW(), 6),
(13, 'Congratulations to our recent graduates!', NULL, NOW(), 4),
(14, 'New partnership with international universities.', NULL, NOW(), 3),
(15, 'Behind the scenes: How we develop new courses.', NULL, NOW(), 7),
(16, 'Your guide to writing the perfect resume.', NULL, NOW(), 5),
(17, 'Upcoming: Virtual open house event.', NULL, NOW(), 6),
(18, 'How to make the most of online learning.', NULL, NOW(), 4),
(19, 'Celebrating Student Achievement Awards 2025.', NULL, NOW(), 7),
(20, 'Reminder: Application deadlines approaching.', NULL, NOW(), 3),
(21, '5 Common mistakes when studying abroad.', NULL, NOW(), 5),
(22, 'Introducing new AI tools to enhance your learning.', NULL, NOW(), 4),
(23, 'Join our mentorship program today!', NULL, NOW(), 6);

-- Insert into comments
INSERT INTO `edugo`.`comments` (`comments_id`, `comments_text`, `comments_image`, `publish_date`, `posts_id`, `account_id`) 
VALUES 
(1, 'Great announcement!', NULL, NOW(), 1, 3),
(2, 'Excited for this update.', NULL, NOW(), 2, 3),
(3, 'This will really help students.', NULL, NOW(), 3, 4),
(4, 'Looking forward to the webinar!', NULL, NOW(), 4, 5),
(5, 'Thanks for the heads-up about maintenance.', NULL, NOW(), 5, 3),
(6, 'Very informative post. Thanks!', NULL, NOW(), 6, 7),
(7, 'Nice to see new advisors onboard.', NULL, NOW(), 7, 7),
(8, 'Just updated the app. Looks great!', NULL, NOW(), 7, 5),
(9, 'Love reading these success stories.', NULL, NOW(), 7, 6),
(10, 'Done with the survey. Hope it helps!', NULL, NOW(), 10, 3);

-- Insert into categories
INSERT INTO `edugo`.`categories` (`category_id`, `name`) VALUES
(1, 'Full Scholarships'),
(2, 'Partial Tuition Scholarships'),
(3, 'Merit-Based Scholarships'),
(4, 'Need-Based Scholarships'),
(5, 'Research and Special Project Scholarships'),
(6, 'Government and Corporate Scholarships');

-- Insert into countries
INSERT INTO `edugo`.`countries` (`country_id`, `name`) VALUES
(1, 'Afghanistan'),
(2, 'Albania'),
(3, 'Algeria'),
(4, 'Andorra'),
(5, 'Angola'),
(6, 'Antigua and Barbuda'),
(7, 'Argentina'),
(8, 'Armenia'),
(9, 'Australia'),
(10, 'Austria'),
(11, 'Azerbaijan'),
(12, 'Bahamas'),
(13, 'Bahrain'),
(14, 'Bangladesh'),
(15, 'Barbados'),
(16, 'Belarus'),
(17, 'Belgium'),
(18, 'Belize'),
(19, 'Benin'),
(20, 'Bhutan'),
(21, 'Bolivia'),
(22, 'Bosnia and Herzegovina'),
(23, 'Botswana'),
(24, 'Brazil'),
(25, 'Brunei'),
(26, 'Bulgaria'),
(27, 'Burkina Faso'),
(28, 'Burundi'),
(29, 'Cambodia'),
(30, 'Cameroon'),
(31, 'Canada'),
(32, 'Cape Verde'),
(33, 'Central African Republic'),
(34, 'Chad'),
(35, 'Chile'),
(36, 'China'),
(37, 'Colombia'),
(38, 'Comoros'),
(39, 'Congo (Democratic Republic)'),
(40, 'Congo (Republic)'),
(41, 'Costa Rica'),
(42, 'Croatia'),
(43, 'Cuba'),
(44, 'Cyprus'),
(45, 'Czech Republic'),
(46, 'Denmark'),
(47, 'Djibouti'),
(48, 'Dominica'),
(49, 'Dominican Republic'),
(50, 'Ecuador'),
(51, 'Egypt'),
(52, 'El Salvador'),
(53, 'Equatorial Guinea'),
(54, 'Eritrea'),
(55, 'Estonia'),
(56, 'Eswatini'),
(57, 'Ethiopia'),
(58, 'Fiji'),
(59, 'Finland'),
(60, 'France'),
(61, 'Gabon'),
(62, 'Gambia'),
(63, 'Georgia'),
(64, 'Germany'),
(65, 'Ghana'),
(66, 'Greece'),
(67, 'Grenada'),
(68, 'Guatemala'),
(69, 'Guinea'),
(70, 'Guinea-Bissau'),
(71, 'Guyana'),
(72, 'Haiti'),
(73, 'Honduras'),
(74, 'Hungary'),
(75, 'Iceland'),
(76, 'India'),
(77, 'Indonesia'),
(78, 'Iran'),
(79, 'Iraq'),
(80, 'Ireland'),
(81, 'Israel'),
(82, 'Italy'),
(83, 'Jamaica'),
(84, 'Japan'),
(85, 'Jordan'),
(86, 'Kazakhstan'),
(87, 'Kenya'),
(88, 'Kiribati'),
(89, 'Korea (North)'),
(90, 'Korea (South)'),
(91, 'Kosovo'),
(92, 'Kuwait'),
(93, 'Kyrgyzstan'),
(94, 'Laos'),
(95, 'Latvia'),
(96, 'Lebanon'),
(97, 'Lesotho'),
(98, 'Liberia'),
(99, 'Libya'),
(100, 'Liechtenstein'),
(101, 'Lithuania'),
(102, 'Luxembourg'),
(103, 'Madagascar'),
(104, 'Malawi'),
(105, 'Malaysia'),
(106, 'Maldives'),
(107, 'Mali'),
(108, 'Malta'),
(109, 'Marshall Islands'),
(110, 'Mauritania'),
(111, 'Mauritius'),
(112, 'Mexico'),
(113, 'Micronesia'),
(114, 'Moldova'),
(115, 'Monaco'),
(116, 'Mongolia'),
(117, 'Montenegro'),
(118, 'Morocco'),
(119, 'Mozambique'),
(120, 'Myanmar (Burma)'),
(121, 'Namibia'),
(122, 'Nauru'),
(123, 'Nepal'),
(124, 'Netherlands'),
(125, 'New Zealand'),
(126, 'Nicaragua'),
(127, 'Niger'),
(128, 'Nigeria'),
(129, 'North Macedonia'),
(130, 'Norway'),
(131, 'Oman'),
(132, 'Pakistan'),
(133, 'Palau'),
(134, 'Palestine'),
(135, 'Panama'),
(136, 'Papua New Guinea'),
(137, 'Paraguay'),
(138, 'Peru'),
(139, 'Philippines'),
(140, 'Poland'),
(141, 'Portugal'),
(142, 'Qatar'),
(143, 'Romania'),
(144, 'Russia'),
(145, 'Rwanda'),
(146, 'Saint Kitts and Nevis'),
(147, 'Saint Lucia'),
(148, 'Saint Vincent and the Grenadines'),
(149, 'Samoa'),
(150, 'San Marino'),
(151, 'Sao Tome and Principe'),
(152, 'Saudi Arabia'),
(153, 'Senegal'),
(154, 'Serbia'),
(155, 'Seychelles'),
(156, 'Sierra Leone'),
(157, 'Singapore'),
(158, 'Slovakia'),
(159, 'Slovenia'),
(160, 'Solomon Islands'),
(161, 'Somalia'),
(162, 'South Africa'),
(163, 'South Sudan'),
(164, 'Spain'),
(165, 'Sri Lanka'),
(166, 'Sudan'),
(167, 'Suriname'),
(168, 'Sweden'),
(169, 'Switzerland'),
(170, 'Syria'),
(171, 'Tajikistan'),
(172, 'Tanzania'),
(173, 'Thailand'),
(174, 'Timor-Leste'),
(175, 'Togo'),
(176, 'Tonga'),
(177, 'Trinidad and Tobago'),
(178, 'Tunisia'),
(179, 'Turkey'),
(180, 'Turkmenistan'),
(181, 'Tuvalu'),
(182, 'Uganda'),
(183, 'Ukraine'),
(184, 'United Arab Emirates'),
(185, 'United Kingdom'),
(186, 'United States'),
(187, 'Uruguay'),
(188, 'Uzbekistan'),
(189, 'Vanuatu'),
(190, 'Vatican City'),
(191, 'Venezuela'),
(192, 'Vietnam'),
(193, 'Yemen'),
(194, 'Zambia'),
(195, 'Zimbabwe');

-- Insert sample data for otps table
INSERT INTO `edugo`.`otps` (`code`, `is_used`, `expired_at`, `account_id`) 
VALUES 
('123456', false, DATE_ADD(NOW(), INTERVAL 15 MINUTE), 1),
('654321', true, DATE_ADD(NOW(), INTERVAL 15 MINUTE), 2);

INSERT INTO `edugo`.`announce_posts` 
(`announce_id`, `title`, `url`, `description`, `attach_file`, `publish_date` ,`close_date`, `provider_id`, `category_id`, `country_id`) 
VALUES 
(1, 'Scholarship Announcement', NULL, 'Hello For New Scholarship Announcement', NULL, '2024-02-01 10:00:00','2024-12-31 23:59:59', 1, 1, 185),
(2, 'New Scholarship In UK', 'https://www.onlinecourse.com', 'New Online Course Announcement', NULL, '2024-02-02 10:00:00','2024-06-30 23:59:59', 1, 2, 185),
(3, 'Internship Opportunity', NULL, 'Apply for international internships this summer.', NULL, '2024-02-03 10:00:00','2024-07-15 23:59:59', 1, 1, 173),
(4, 'Research Grant Available', NULL, 'Grants available for postgraduate research students.', NULL, '2024-02-04 10:00:00','2026-08-01 23:59:59', 2, 3, 173),
(5, 'English Proficiency Test', 'https://www.englishtest.com', 'Register for English tests before deadline.', NULL, '2024-02-05 10:00:00','2026-06-01 23:59:59', 3, 1, 84),
(6, 'Virtual Exchange Program', NULL, 'Join our virtual exchange with European universities.', NULL, '2024-02-06 10:00:00','2024-07-10 23:59:59', 3, 1, 173),
(7, 'Free Coding Bootcamp', 'https://www.codebootcamp.com', 'Learn to code for free, limited seats.', NULL, '2024-02-07 10:00:00','2025-05-25 23:59:59', 2, 1, 84),
(8, 'Study Abroad Seminar', NULL, 'Attend the upcoming seminar on studying abroad.', NULL, '2024-02-08 10:00:00','2024-05-30 23:59:59', 2, 4, 185),
(9, 'Language Course Discount', NULL, 'Get discounts on selected language courses.', NULL, '2024-02-09 10:00:00','2024-06-20 23:59:59', 2, 5, 84),
(10, 'University Fair', 'https://www.unifair.com', 'Meet representatives from top universities.', NULL, '2024-02-10 10:00:00','2024-05-15 23:59:59', 1, 5, 84),
(11, 'Student Exchange Japan', NULL, 'Apply now for exchange program in Japan.', NULL, '2024-02-11 10:00:00','2024-09-01 23:59:59', 3, 6, 185),
(12, 'Resume Writing Workshop', NULL, 'Learn how to write effective resumes.', NULL, '2024-02-12 10:00:00','2024-05-22 23:59:59', 2, 6, 84),
(13, 'AI and Data Science Webinar', 'https://www.aidatawebinar.com', 'Free webinar on AI and Data Science careers.', NULL, '2024-02-13 10:00:00','2025-06-05 23:59:59', 1, 3, 173),
(14, 'Postgraduate Admission Open', NULL, 'Applications open for 2025 postgraduate programs.', NULL, '2024-02-14 10:00:00','2025-07-31 23:59:59', 2, 3, 173),
(15, 'Part-time Job Fair', NULL, 'Explore part-time job opportunities for students.', NULL, '2024-02-15 10:00:00','2025-05-28 23:59:59', 1, 2, 82),
(16, 'Summer School in UK', NULL, 'Join our summer school program in the UK.', NULL, '2024-02-16 10:00:00','2025-06-10 23:59:59', 1, 2, 173),
(17, 'Leadership Training Program', NULL, 'Enhance your leadership skills.', NULL, '2024-02-17 10:00:00','2025-06-18 23:59:59', 1, 1, 82),
(18, 'Career Planning Session', 'www.careerplan.com', 'Free session on how to plan your career.', NULL, '2024-02-18 10:00:00','2025-05-27 23:59:59', 1, 1, 173),
(19, 'Volunteering Abroad Info', NULL, 'Information session about volunteering abroad.', NULL, '2024-02-19 10:00:00','2025-06-12 23:59:59', 1, 1, 82),
(20, 'Graduate School Funding', NULL, 'Find out how to fund your graduate studies.', NULL, '2024-02-20 10:00:00','2025-07-05 23:59:59', 1, 1, 82),
(21, 'Australia Full Scholarship', NULL, 'Apply now for a full scholarship to study in Australia.', NULL, '2024-02-21 10:00:00','2025-12-01 23:59:59', 4, 1, 9),
(22, 'Italy Art Scholarship', NULL, 'Scholarship for students pursuing arts in Italy.', NULL, '2024-02-22 10:00:00','2025-11-20 23:59:59', 1, 1, 82),
(23, 'USA Tech Innovation Fund', NULL, 'Support for tech innovators studying in USA.', NULL, '2024-02-23 10:00:00','2025-12-15 23:59:59', 2, 1, 186),
(24, 'Canada Research Scholarship', NULL, 'Funding available for graduate research in Canada.', NULL, '2024-02-24 10:00:00','2025-11-30 23:59:59', 3, 1, 31),
(25, 'Japan Language Scholarship', NULL, 'Scholarship for language studies in Japan.', NULL, '2024-02-25 10:00:00','2025-10-31 23:59:59', 4, 1, 84),
(26, 'New Zealand Merit Scholarship', NULL, 'Merit-based scholarship for top students.', NULL, '2024-02-26 10:00:00','2025-11-15 23:59:59', 1, 3, 125),
(27, 'China Engineering Scholarship', NULL, 'Scholarship for engineering majors in China.', NULL, '2024-02-27 10:00:00','2025-12-10 23:59:59', 2, 1, 36),
(28, 'UK Humanities Scholarship', NULL, 'Scholarship for humanities students in the UK.', NULL, '2024-02-28 10:00:00','2025-11-05 23:59:59', 2, 1, 185),
(29, 'Singapore Business Grant', NULL, 'Scholarship for business students in Singapore.', NULL, '2024-03-01 10:00:00','2025-10-20 23:59:59', 3, 1, 157),
(30, 'Germany STEM Scholarship', NULL, 'Support for STEM fields in Germany.', NULL, '2024-03-02 10:00:00','2025-12-20 23:59:59', 4, 1, 64),
(31, 'Australia Medical Studies Grant', NULL, 'Medical students can apply for support in Australia.', NULL, '2024-03-03 10:00:00','2025-11-22 23:59:59', 1, 2, 9),
(32, 'Italy Culinary Scholarship', NULL, 'Pursue your culinary dreams with support in Italy.', NULL, '2024-03-04 10:00:00','2025-12-18 23:59:59', 2, 2, 82),
(33, 'USA Sports Excellence Award', NULL, 'Scholarship for athletes excelling in sports.', NULL, '2025-01-05 10:00:00','2025-10-10 23:59:59', 3, 2, 186),
(34, 'Canada Environmental Grant', NULL, 'Support for environmental research students.', NULL, '2025-01-06 10:00:00','2025-11-12 23:59:59', 4, 2, 31),
(35, 'Japan Technology Fellowship', NULL, 'Fellowship for tech students studying in Japan.', NULL, '2026-01-07 10:00:00','2025-12-05 23:59:59', 1, 2, 84),
(36, 'New Zealand Creative Arts Grant', NULL, 'Scholarship for creative fields like design and music.', NULL, '2026-01-08 10:00:00','2025-10-25 23:59:59', 2, 2, 125),
(37, 'China Business Innovation Fund', NULL, 'Scholarship for innovative business proposals.', NULL, '2026-01-09 10:00:00','2025-11-01 23:59:59', 3, 2, 36),
(38, 'UK Science Research Grant', NULL, 'Support for research in science fields in UK.', NULL, '2026-01-10 10:00:00','2025-11-17 23:59:59', 4, 2, 185),
(39, 'Singapore IT Scholarship', NULL, 'Information Technology studies scholarship.', NULL, '2026-01-11 10:00:00','2025-10-30 23:59:59', 1, 2, 157),
(40, 'Germany Innovation Challenge', NULL, 'Scholarship for innovative projects.', NULL, '2026-01-12 10:00:00','2025-12-08 23:59:59', 2, 2, 64);

-- Insert sample data for users
INSERT INTO `edugo`.`users` (`user_id`, `education_level`, `account_id`) 
VALUES 
(1, 'Undergraduate', 4);

-- Insert sample data for answer_countries
INSERT INTO `edugo`.`answer_countries` (`answer_id`, `user_id`, `country_id`) 
VALUES 
(1, 1, 173),  -- Thailand
(2, 1, 36),   -- China
(3, 1, 84);   -- Japan

-- Insert sample data for answer_categories
INSERT INTO `edugo`.`answer_categories` (`answer_id`, `user_id`, `category_id`) 
VALUES 
(1, 1, 1),  -- Full Scholarships
(2, 1, 3),  -- Merit-Based Scholarships
(3, 1, 5);  -- Research and Special Project Scholarships

INSERT INTO `edugo`.`fcm_tokens` (`account_id`, `fcm_token`)
VALUES 
(4, 'fS9QwEF4QIiaGnnShMnyjr:APA91bGM08C0DvVCl4TbasvKdVMI_icEim-NmUV8_-Z29p-iLjWKLbsr6hMkahhYl7J9y0Psn31oqIFECV8vhEwxdlc1CHZg44sPxryItelr_A3F1JiM_K8');
